[
  {
    "slug": "iklim-degisikligi-neden-onemli",
    "baslik": "İklim Değişikliği Neden Önemli?",
    "icerik": [
      "İklim değişikliği; sıcaklık, yağış ve aşırı hava olaylarındaki kalıcı değişiklikleri ifade eder.",
      "İnsan faaliyetlerinden kaynaklanan sera gazları küresel ısınmanın ana sebebidir.",
      "Etkiler: sıcak hava dalgaları, kuraklık/sel, deniz seviyesinin yükselmesi, tarım ve sağlık riskleri."
    ]
  },
  {
    "slug": "evde-enerji-verimliligi",
    "baslik": "Evde Enerji Verimliliği: Nereden Başlamalı?",
    "icerik": [
      "LED ampuller, bekleme yerine tamamen kapatma ve akıllı prizler tüketimi azaltır.",
      "Isı yalıtımı ve verimli beyaz eşyalar ısıtma/soğutma yükünü düşürür.",
      "Odadan çıkınca ışığı kapat; yazın 24–26°C, kışın 19–21°C hedefle."
    ]
  }
]
